Index,Character
0973,é”€ é”€å­ xiao1zi pin é”€å”® xiao1shou4 sales
1747,ç‰² ç‰²ç•œ sheng1chu4 livestock
0785,ç¤¾ ç¤¾ä¼š she4hui4 society
0162,æ¸´ å£æ¸´ kou3ke3 thirsty
1272,èº² èº²è— duo3cang2 hide
0070,ç¬¬
0247,å¥¹
0322,å¦‚
1551,å¿§ å¿§éƒ you1yu4 melancholy
1005,æ¶ æ¶å¿ƒ e3xin1 nausea
1663,æ¢… æ¢…èŠ± mei2hua2 plum blossom
1004,ç‚¼ é”»ç‚¼ duan4lian4 exercise é”» forge ç‚¼ refine
0000,æŸ¬ è¯·æŸ¬ qing3jian3 invitation
1226,çŒœ çŒœæƒ³ cai1xiang3 guess çŠ­é’ ç›¸å¿ƒ
1383,è‚¤ è‚¤æµ… fu1qian3 superficial æœˆå¤« æ°µæˆ‹ è†šæ·º
0000,èƒƒ èƒƒå£ wei4kou3 appetite
1673,å¢“ å¢“åœ° mu4di4 cemetery è‰¹æ—¥å¤§åœŸ
0792,æ¯
0554,å¾€ äº»ç”Ÿ
1196,æ²» æ²»ç™‚ zhi4liao2 treat æ°µå° ç–’äº† æ²»ç™‚ ç–’å¤§æ—¥å°liao4
0529,é£Ÿ
1720,ç´  æ¿€ç´  ji1su4 hormone
0722,å“ˆ
0561,é›ª
0538,å®ƒ
0849,æ•´ æ•´é½ zheng3qi2 neat æ•´é½Š äº åˆ€ä¸«æ°æœˆ ya1 ä¸«
0495,çŒ« çŒ«å¨˜ mao1niang2 å­ƒ
0000,è‰¯ å–„è‰¯ shan4liang2 kind
0000,è¥„ è¥„åŠ© xiang1zhu4 assist
0613,è¯ ä¿è¯ bao3zheng4 guarantee è¨€ç™»
1621,è·ƒ è·ƒè¿› yue4jin4 leap forward è¶³å¤­ è¶³ç¾½éš¹ è¾¶éš¹
0530,ä½¿
1574,çŠ¯ ä¾µçŠ¯ qin1fan4 violate
1258,ç†Š ç†ŠçŒ« xiong2mao1 panda
1452,å¥ˆ å¥ˆç±³ nai4mi3 nanometer
1299,æ³› æ³›æ»¥ fan4lan4 flood æ³›è—
0000,ç›‘ ç›‘ç‹± jian1yu4 prison ç›£ç„
0471,å ‚ å¤©å ‚ tian1tang2 heaven
1604,æ¹¾ å°æ¹¾ tai2wan1 Taiwan å°ç£ è¨€
0289,æ‰¾ 
1562,æ¸¡ æ¸¡èˆ¹ du4chuan2 ferry
0000,æ‘† æ‘†ä¸Š bai3shang4 put on æ‰Œå››èƒ½
0892,æ”¯ æ”¯æŒ zhi1chi2 support
0000,å¯º å°‘æ—å¯º shao4lin2si4 Shaolin Temple
0620,è¾¾ è¡¨è¾¾ biao3da2 express è¡¨é”
1301,æŸœ æŸœå° gui4tai2 counter æœ¨åŒšè´µ
0855,åœŸ
1487,æŒ¯ æŒ¯åŠ¨ zhen4dong4 vibrate æ‰Œè¾°äº‘åŠ›
1356,æ¶¦ æ¶¦æ»‘ run4hua2 lubricate æ°µé—°æ°µéª¨ æ½¤æ»‘
1303,ç± å›½ç± guo2ji2 nationality ç«¹è€’é”™
0352,ä¸º ç‚º
0551,å®Œ
0065,ç­‰
1666,æ£‰ æ£‰èŠ± mian2hua1 cotton
0324,å¿…
1481,æš‚ æš‚æ—¶ zan4shi2 temporary æ—¥æ–©
1242,ä¸‘ ä¸‘é™‹ chou3lou4 ugly
0251,é¦†
1594,å­¤ å­¤ç‹¬ gu1du2 lonely å­¤ç¨
0611,å­˜
0834,æ·± æ·±åˆ» shen1ke4 profound æ°µç½™
0679,æ­¢
1767,ä»ª å„€å¼ yi2shi4 ceremony äººç¾Šæˆ‘ å„€å¼ æŠ—è­°
1596,åˆ® åˆ®é£ gua1feng1 windy é¢³é¢¨
0029,å¤§
1204,æ‘© æ‘©æ‰˜è½¦ mo2tuo1che1 motorcycle æ‰Œéº» æ‘©æ‰˜è»Š
1313,æ…Œ æ…Œå¼  huang1zhang1 flustered
0135,å›
1159,æ— 
1255,æ‰° æ‰“æ‰° da3rao3 disturb æ‰Œå°¤
0660,åˆ€
0593,æ™¨ æ—©æ™¨ zao3chen2 morning
0767,ç²¾ ç²¾ç¥ jing1shen2 spirit
1494,ç´« ç´«è‰² zi3se4 purple
0650,ä¼  ä¼ ç»Ÿ chuan2tong3 tradition
0555,å‘³ å‘³é“ wei4dao4 taste
1752,éº¦ éº¦å­ mai4zi wheat 
0382,æ‡‚ æ‡‚äº‹ dong3shi4 sensible
0173,ä¸¤
0109,ç»™
0570,çœ¼ çœ¼ç› yan3jing eye
0535,è™½
1364,éª‚
1240,æ± 
0692,è´Ÿ è´Ÿè´£ fu4ze2 be responsible for
0239,æ°´
0111,å·¥
0843,åŒ
0949,è¯š è¯šå® cheng2shi2 honest
0590,è¿
0818,å†µ æƒ…å†µ qing2kuang4 situation
0023,åˆ«
0952,åº é¡ºåº shun4xu4 order
1790,å®… ä½å®… zhu4zhai2 residence å®€ä¹‡
1497,ç»‡ ç¹”å¸ƒ zhi1bu4 weave
0518,æ¸… æ¸…æ¥š qing1chu clear
0429,ç…§ ç…§ç‰‡ zhao4pian4 photo
1132,è¯— è¯—äºº shi1ren2 poet
0331,ä½†
0188,å¦¹
0727,å åè£” hua2yi4 overseas Chinese
0383,ç‰©
0438,åˆ’ åˆ’èˆ¹ hua2chuan2 row a boat
1516,æ‰ æ‰å¹³ bian3ping2 flat
0591,å’± å’±ä»¬ zan2men we
0210,æ— æ—é‚Š pang2bian1 side
0220,è®¤ èªè­˜ ren4shi4 know èªè­˜
0203,éš¾
0439,æ²¹ æ²¹æ¼† you2qi1 paint
1620,æ·· æ··äº‚ hun4luan4 chaotic
0000,æ˜† æ˜†ä»‘ kun1lun2 Kunlun Mountains
1223,è§ˆ æµè§ˆ liu2lan3 browse
0000,åŠ‰ åŠ‰å‚™ liu2bei4 Liu Bei
1742,ç‚‰ ç‚‰å­ lu2zi stove
0582,è‹± è‹±é›„ ying1xiong2 hero
1734,å å tun1 swallow
0483,ä¾‹ ä¾‹å­ li4zi4 example
1188,åœ† åœ†å½¢ yuan2xing2 circle
1393,å¯ å¼€å¯ kai1qi3 open
0481,ç¦»
0514,æ¸© æº«æŸ” wen1rou2 gentle
0950,æ‰¿ æ‰¿èªéŒ¯èª¤ cheng2ren4cuo4wu4 admit mistake
1787,ç²¥ ç²¥ zhou1 porridge
0651,åˆ› å‰µé€  chuang4zao4 create
0939,æµ‹ æ¸¬è©¦ ce4shi4 test 
0527,çœ çœéŒ¢ sheng3qian2 save money 
1278,æ åˆ†æ fen1xi1 analyze
0599,è£… å‡è£… jia3zhuang1 pretend
0115,å®¶
0506,ç¯‡ ç¯‡ç«  pian1zhang1 chapter
0544,ç‰¹
0350,ç§° ç¨±è®š cheng1zan4 praise
1794,æ‰ æ‰ä½ zhuo1 catch
1328,å‰ª å‰ªåˆ€ jian3dao1 scissors
1460,å å”æœƒ xie2hui4 association
1607,ç‹  ç‹ å¿ƒ hen3xin1 cruel
1698,å€¾ å‚¾è½ qing1ting1 listen
0275,ä¹Ÿ
0344,è‰
1777,æ‰ ç´®é ­é«® zha1tou2fa2 do hair
1043,èˆª èˆªç©º hang2kong1 aviation
0711,å¤
0342,è§‚
1197,æ¤ æ¤ç‰© zhi2wu4 plant
0482,ç¤¼
0887,æ³³ æ¸¸æ³³ you2yong3 swim
0332,å¤Ÿ è¶³å¤Ÿ
1096,åˆ— åˆ—è½¦ lie4che1 train 
0124,å­—
0543,å¥— æ‰‹å¥— shou3tao4 gloves
1125,æ£®
0049,ç©¿
1314,ç° ç°å°˜ hui1chen2 dust ç°å¡µ
0426,å¿½
0701,è¿· è¿·è·¯ mi2lu4 get lost
1504,å‚
1054,ä¼´
0893,èŒ è·æ¥­ zhi2ye4 occupation
1165,è‘— ç­‰è‘— deng3zhe waiting
1512,å¥” å¥”è·‘ ben1pao3 run
1788,è¯¸ è¯¸ä½ zhu1wei4 everyone
1387,æ‹¼ æ‹¼éŸ³ pin1yin1 spelling
1766,è´¯ è²«å¾¹ guan4che4 implement 
0233,ä½“ ä½“è‚² ti3yu4 sports
0078,è¥¿ 
0904,çŸ® çŸ® ai3 short
1757,å‡¶ å‡¶æ¶ xiong1e4 fierce
0414,æ•… 
0073,è§†
1586,æ† æ§“æ¡¿ gang4gan3 pole
0069,å¼Ÿ
1023,å¦‡ 
1319,ç¾ ç½å®³ zai1hai4 disaster
1646,æ´ æ´åŠ© yuan2zhu4 help
0778,å›°
0976,æ¡ˆ 
0450,è„š
0846,æ±¤ 
1441,æ¡ƒ æ¡ƒå­ tao2zi peach
1422,æƒ 
0936,è´¢ è²¡ç”¢ cai2chan3 property
1192,å¬ å¬é–‹ zhao4kai1 convene
0076,é™¢ é†«é™¢ yi1yuan4 hospital
1506,æ­‰ é“æ­‰ dao4qian4 apologize
0938,æ“ æˆ‘æ“
1674,ç²‰ ç²‰çµ² fen3si1 noodles
1287,ç´ é‹¼ç´ gang1qin2 piano
0781,ä¼¼ é¡ä¼¼ lei4si4 similar
1605,æ´‹ æ´‹è”¥ yang2cong1 onion
1151,é€ é€æ˜ tou4ming2 transparent
0000,ç§€ ç§€éº— xiu4li4 beautiful
1336,æ‹’ æ‹’æ”¶ ju4shou1 refuse
1249,é—¯ é—–ç´…ç‡ˆ chuang3hong2deng1 run a red light
0706,å…· å®¶å…· jia1ju4 furniture
1587,å²— å´—ä½ gang3wei4 post
0030,å¯¹
1142,ç¼© ç¸®çŸ­ suo1duan3 shorten
1470,æ—¦
0764,å† æ­·å² li4shi3 history
0367,è‡ª
0408,å…±
1030,éš” éš”å£ ge2bi4 next door
1427,é¼  è€é¼  lao3shu3 mouse
1714,è·µ è¸è¸ jian4ta4 trample UUUOOOOOGH
0099,å¹² 
1193,é˜µ æ’¤é›¢é™£åœ° che4li2zhen4di4 abandon position
1305,ç›’ ç›’å­ he2zi box
1792,æŸ± æŸ±å­ zhu4zi pillar
1090,å²
1763,å®´ å®´æœƒ yan4hui4 banquet
1755,ä»° ä»°æœ› yang3wang4 look up
0000,å¬ ang2 raise
0168,è€
0943,æ½® æ½®æ¿• chao2shi1 wet
0000,æ¹¿ shi1 wet
0000,æœ chao2 dynasty
0212,ä¸ƒ
1545,å‚¨ å„²å­˜ chu3cun2 store
0710,å¨˜ å§‘å¨˜
1728,ç”°
0480,ç‹
0978,æ‰« æƒåœ° sao3di4 sweep
1649,èˆ° è‰¦éšŠ jian4dui4 fleet
0832,å“
0032,æ°”
1416,ç¨ ç¨ç­‰ shao1deng3 wait a moment
1164,å’¸ å’¸é±¼ xian2yu2 salted fish
0420,åˆ
1486,ç  çç  zhen1zhu1 pearl
0733,æ æ¥µå…¶ ji2qi2 extremely *
1660,åŸ‹ åŸ‹è‘¬ mai2zang4 bury
1344,æƒœ å¯æƒœ ke3xi1 pity
0185,æ²¡
0963,ç»Ÿ çµ±ä¸€ tong3yi1 unify
0982,é™† é™¸åœ° lu4di4 land
0270,æ¯ ä¿¡æ¯ xin1xi1 information
0044,åƒ
0371,å½“
0583,æ°¸ æ°¸é  yong3yuan3 forever
0942,æŠ„ æŠ„å¯« chao1xie3 copy
0715,å¯Ÿ è§€å¯Ÿ guan1cha2 observe *
0196,æ‹¿
1050,ç–‘ ç„¡ç–‘ wu2yi2 no doubt
1231,å‰ å‰å­ cha1zi fork
0237,æ‰‹
0059,çƒ
1315,æ¢ æ¢å¾© hui1fu4 recover
0398,ä»½ èº«ä»½èªåŒ shen1fen4ren4tong2 identity
0900,è¿½ è¿½æ±‚ zhui1qiu2 pursue
1283,å¹… ä¸€å¹…ç•« yi1fu2hua4 a painting
0000,ç•« hua4 painting
0365,æµ· 
0999,è±† è±†è… dou4fu tofu 
0307,å®‰
1453,æŸ¿ æŸ¿å­ shi4zi persimmon
1273,å°„
0123,è¯­
0772,æ® æ“šèªª ju4shuo1 it is said
0000,åŠ‡ åŠ‡æƒ… ju4qing2 plot
0254,æˆ‘
0305,å•Š
1335,ç« ç«¶çˆ­ jing4zheng1 compete
1582,æµ® æµ®ä¸Š fu2shang4 float
1117,ç©· çª®äºº qiong2ren2 poor
0836,å¤± å¤±æ•— shi1bai4 fail
1637,ç„¦ ç‡’ç„¦ shao1jiao1 burn 
1561,èµŒ è³­åš du3bo2 gamble
1475,å°¤
1684,å± å±å¹• ping2mu4 screen
0000,è« mo4
1686,æ‰‘ æ’²æ»… pu1mie4 extinguish
0297,å‡† æº–å‚™ zhun3bei4 prepare
0984,æ›¿ æ›¿ ti4 for
0366,å£° è²éŸ³ sheng1yin1 sound
1251,èª è°æ˜ cong1ming clever
1548,åº„ èŠåš´ zhuang1yan2 solemn *
1083,æ‰© æ“´å¤§ kuo4da4 expand
0351,ç»© æˆç¸¾ cheng2ji1 achievement
0067,æ–¹
1157,å°¾
1612,å£¶ å£ºå­ hu2zi pot
1006,ç«¥ ç«¥è² tong2zhen1 virgin
1269,å † å †ç© dui1ji1 accumulate
1736,æŒ– æŒ–æ˜ wa1jue2 excavate
0000,å±ˆ å±ˆæœ qu1fu2 subdue
1209,æ£’
1138,å¸… å¸¥æ°£ shuai4qi4 handsome
0752,å°† å°‡è» jiang1jun1 general
0303,å·¦
1640,æ° å‚‘å‡º jie2chu1 outstanding
1380,èµ” è³ å„Ÿ pei2chang2 compensate
1425,è”¬ è”¬èœ shu1cai4 vegetable
1498,é†‰ é†‰é…’ zui4jiu3 drunk
0316,å¤œ
1532,å¼‚ ç•°å¸¸ yi4chang2 abnormal å·³ *
0755,æ ææ–™ cai2liao4 material
0813,æ€ª
0534,é¡º
0756,å©š å©šç¦® hun1li3 wedding
0261,ç°
1608,æ¨ª æ©«èºº heng2tang3 lie down
0000,é»ƒ huang2 yellow
0240,æœ
1541,è¯º è«¾è¨€ nuo4yan2 promise
0298,å¤‡
1717,çˆ½ çˆ½å¿« shuang3kuai4 refreshed
0838,ç»ˆ
0607,æ¡ æ¡æ‰‹ wo4shou3 shake hands
0432,æ¢ æ›è¡£æœ huan4yi1fu clothes
0071,äºŒ
0381,å†¬
0259,é›¨
0051,æ¬¡
0374,ç† ç†è§£ li3jie3 understand
0339,æ‰
0532,èˆ’ èˆ’æœ shu1fu comfortable
1222,åš åšç‰©é¤¨ bo2wu4guan3 museum
1296,é”® éµç›¤ jian4pan2 keyboard
0000,è¿ yu4
0000,å»´ yin3
0000,ä¹š yin3
1780,è€€ è€€çœ¼ yao4yan3 dazzling 
0000,èº yue4 jump
1738,å“‡ å“‡å“‡ wa1wa1 cry
0694,æ‚ é›œèªŒ za2zhi4 magazine
1461,æ–œ æ–œå¡ xie2po1 slope
1009,çƒ§ ç‡’çƒ¤ shao1kao3 barbecue
1654,æ  æ¬„æ† lan2gan1 railing
0000,æ¡¿ gan3
1492,é¥° é£¾å“ shi4pin3 ornament
0425,çº¢
0462,ä¸¾ èˆ‰è¡Œ ju3xing2 hold
0000,èˆ‡ yu3
0494,å–
0844,æ­»
1365,çŸ› mao3
0526,å‘¨ å‘¨æœ« zhou1mo4 weekend
0141,è›‹
0914,å« å«ç¾© han2yi4 meaning
0618,åŒ–
1682,è´« è²§çª® pin2qiong2 poor
1034,éª¨
0433,é»„
0997,é¡¶ é ­é ‚ tou2ding3 top
0271,ä¹ 
0184,æ¯›
1739,é¡½ é ‘å¼· wan2qiang2 tenacious
0244,é€
1245,å¤• å¤•é™½ xi1yang2 sunset
1428,æ‘” æ‘”è·¤ shuai1jiao1 tripandfall 
0674,å
1401,å‹¤ å‹¤å‹ qin2lao2 hardworking
0628,å…‰
0777,æ ææ€– kong3bu4 terror
1105,é—¹ é¬§é˜ nao4zhong1 alarm clock
1124,ä¼ å‚˜å­ san3zi umbrella
1338,æ ¸ æ ¸å¿ƒ he2xin1 core
1309,æ‚” å¾Œæ‚” hou4hui3 regret
0250,åŒ
0497,é¢˜
1178,ç ” ç ”ç©¶ yan2jiu1 research
1573,æ®– ç¹æ®–åŠ› fan2zhi2li4 fertility
1377,å°” çˆ¾å¾Œ er3hou4 afterwards
0354,å‘ é«®å‹ fa4xing2 hairstyle
0771,æ•‘ æ•‘å‘½ jiu4ming4 save
0619,æ ‡ æ¨™æº– biao1zhun3 standard
0629,ä»… ä¸åƒ… bu4jin3 not only
1027,ç›– è“‹å­ gai4zi lid
1304,æ• éæ• guo4min3 allergy
0415,é¡¾ é¡§å®¢ gu4ke4 customer
0998,æ‘‡ æ–æ– yao2yao2 shake
0170,äº†
0909,è´§ å”®è²¨å“¡ shou4huo4yuan2 shop assistant
0413,ç‹—
1198,æ™º æ™ºæ…§ zhi4hui4 wisdom
0300,èµ°
1688,æ¬º æ¬ºé¨™ qi1pian4 cheat
0411,å¹³
1074,è· è·é›¢ ju4li2 distance
0700,é€Ÿ
1735,æ‹– æ‹–å»¶ tuo1yan2 delay *
1316,å¿† æ†¶è¨˜ yi4ji4 memory *
1040,å½’ æ­¸é‚„ gui1huan2 return
1602,æ—— æ——å­ qi2zi flag
1572,å‡¡ å‡¡æ˜¯ fan2shi4 every
1567,æ© 
1310,èƒ¡
0567,è®¸ è¨±å¤š xu3duo1 many
0175,é›¶ é›¶éŒ¢ ling2qian2 change
1517,æ‹¨ æ’¥å‹• bo1dong4 stir
0678,é˜² é˜²ç¦¦ fang2yu4 defense
1395,æ¬ 
0334,æ€
1000,è…
0930,æ‰¬ æšå‡ yang2sheng1 rise
1557,æŠµ æŠµæŠ— di3kang4 resistance
1569,ç‚ ç™¼ç‚ fa1yan2 inflammation
0198,äº›
0015,å­
0265,è°¢
0557,å¹ å˜†æ°£ tan4qi4 sigh *
0865,é¦™ é¦™æ°´ xiang1shui3 perfume
0817,åˆ‡
0596,åª
1630,å°– å°–éŠ³ jian1rui4 sharp
0736,åŠ
0478,è“ è—è‰² lan2se4 blue
1518,æ³¢ æ³¢æµª bo1lang4 wave
0416,å¹¿ å»£å‘Š guang3gao4 advertisement
0199,é‚£
1220,ç» ç»ç’ƒ bo1li2 glass
0994,å€ ä½å€ zhu4zhi3 address
1723,æ¢ å‹˜æ¢ kan1tan4 exploration
1716,è–¯ è–¯æ¢ shu3tiao2 french fries
1169,å…„
1450,å§ è‡¥å®¤ wo4shi4 bedroom
1173,è¿… è¿…é€Ÿ xun4su4 rapid
1455,è‰³ è‰·éº— yan4li4 gorgeous *
1137,ç‰™
0910,æ‘†
1386,éª—
0931,å†°
0310,è‰²
0056,ç”µ é›»è…¦ dian4nao3 computer
0548,æŒº æŒºå¥½ ting3hao3 very good
0422,æ²³
0705,æ ¹ æ ¹æ“š gen1ju4 accordingto
0043,ç«™ 
0100,å‡€ æ·¨åŒ– jing4hua4 purification
0274,çˆ·
1259,å‘† 
0353,å¤ è¤‡ç¿’ fu4xi2 review
0101,ä»€
1399,æ•² æ•²é–€ qiao1men2 knock
0107,å“¥
1731,èƒ é›™èƒèƒ shuang1bao1tai1 twins
1781,å“² å“²å­¸ zhe2xue2 philosophy
0759,é‡‘
1298,å†›
1284,è¾… è¼”å° fu3dao3 guide
0585,é±¼ é­šå­ yu2zi3 caviar
0730,è®® æŠ—è­° kang4yi4 protest
0979,æŠ˜ æ‰“æŠ˜ da3zhe2 discount
1170,èƒ¸ èƒ¸éƒ¨ xiong1bu4 chest
0128,å· è™Ÿç¢¼ hao4ma3 number
1271,æœµ
0453,å— å—å‚· shou4shang1 injury
0427,æ¹– æ¹–æ°´ hu2shui3 lake
1458,è¯¦ è©³ç´° xiang2xi4 detailed
1619,æ˜ æ˜å€’ hun1dao3 faint
1340,é¸­ é´¨å­ ya1zi duck
0921,æŠ± æŠ±æ€¨ bao4yuan4 complain
0941,é€” é€”å¾‘ tu2jing4 way
1710,å‹º å‹ºå­ shao2zi spoon
1711,èˆŒ
0610,æŒ æ”¯æŒ zhi1chi2 support
1404,ä¹ ç¼ºä¹ que1fa2 tolack
1749,é”‹ å…ˆé‹’éšŠ xian1feng1dui4 vanguard
0000,é‹’ feng1 pointofknife
1058,æ—¢
1352,åŠ³ å‹å‹• lao2dong4 labor
0917,å® å¯¶è² bao3bei4 precious
0682,è´¹ å…è²» mian3fei4 free
0405,åˆš å‰›æ‰ gang1cai2 just
1392,è„
1491,ç«¹
1476,çŠ¹ çŒ¶è±« you2yu4 hesitate
0575,æ¤…
0479,ç¯® ç±ƒçƒ lan2qiu2 basketball
0464,å¡
0226,ä¸‰
0231,è°
0744,å± é‡‘å±¬ jin1shu3 metal
1540,æ’‘ æ’é–‹ cheng1kai1 propopen
0584,åˆ
0163,è¯¾
0680,å±‹
0654,è¯¯
0266,æ–°
0148,æ•™
1378,æ‘„ æ”å½± she4ying3 shootfilm
0864,æœ›
0588,æ„¿ é¡˜æœ› yuan4wang4 desire
1181,ä¾ ä¾ç„¶ yi1ran2 unchanged
1419,ä¼¸ ä¼¸å‡º shen1chu1 stretchout
0306,æƒ…
0192,å‹
1057,è½½ ä¸‹è¼‰ xia4zai4 download
0309,å…¨
1084,åƒ åƒåœ¾ la1ji1 garbage
0063,å¾—
1580,å³° å±±å³° shan1feng1 mountainpeak
1791,é©» é§è» zhu4jun1 garrison
1161,è°“ ç„¡æ‰€è¬‚ wu2suo3wei4 itdoesnotmatter
0486,å‡‰ 
1465,è™š è¬™è™› qian1xu1 modest
1795,å’¨ å’¨è©¢ zi1xun2 consultation
1514,é€¼ é€¼è¿« bi1po4 force
1206,æ‹œ ç¦®æ‹œ li3bai4 worship
0000,æ‹œ æ‹œè¨— bai4tuo1 request
1211,æ‚² æ‚²è§€ bei1guan1 pessimistic
0809,çš®
0704,ç§ ç¨®æ— zhong3zu2 race
1053,ä¼™ å¤¥ä¼´ huo3ban4 partner
1480,ç»’ çµ¨ç·š rong2xian4 yarn
0787,è½ é™è½ jiang4luo4 landing
0218,å
0677,å¼
0286,å†
1362,æ¼ æ¼æ´ lou4dong4 loophole
1447,å”¯ å”¯ä¸€ wei2yi1 only
1289,æ›² æ›²æŠ˜ qu1zhe2 complications
0609,ä¿ ä¿è­· bao3hu4 protection
0361,å…¸
0859,ä¼Ÿ å‰å¤§ wei3da4 great
0576,èˆ¬
1228,å… å»³é•· ting1zhang3 departmenthead
1775,å… å…è¨± yun3xu3 allow
0485,ç»ƒ ç·´ç¿’ lian4xi2 practice
1725,æ æå‡º tao1chu1 takeout
0552,ç¢— ç¢—å­ wan3zi bowl
1433,ç´¢ æœç´¢ sou1suo3 search
1373,æ‰˜
1113,ä½™
1114,ä¼ ä¼æ¥­ qi3ye4 enterprise
1128,é—ª é–ƒé›» shan3dian4 lightning
1179,ç› é¹½æ°´ yan2shui3 brine
1290,å£
0888,é¢„ é é˜² yu4fang2 prevention
1063,ç©¶
1265,é”… é‹å­ guo1zi pot
0631,æ­¥
0292,æ­£
0602,å˜´ å˜´å·´ zui3ba5 mouth
1036,ç“œ
0881,æ­¤
1334,å±Š å±†æ™‚ jie4shi2 atthetime
1611,æ´ª æ´ªæ°´ hong2shui3 flood
1384,è„¾ è„¾è‡Ÿ pi2zang4 spleen
0000,å‘ bei1
0493,ç»¿ ç¶ è‰² lv4se4 green
1187,ç‰ æ‹‹ç£šå¼•ç‰ pao1zhuan1yinyu4
0277,ä¸€
1662,ç›² ç›²äºº mang2ren2 blind
0358,æ˜¥
0987,æˆ´ æˆ´ä¸Š dai4shang4 puton
0236,å€™
1681,å åè¦‹ pian1jian4 prejudice
0208,ç‰›
1247,ç½š ç½°æ¬¾ fa2kuan3 fine
1406,ç»• ç¹é rao4guo4 avoid
0058,å¼€
1624,ç£ ç›£ç£ jian1du1 supervisor
1423,æ‹¾ æ‹¾èµ· shi2qi3 pick
0363,ç®— ç®—äº† suan4le forgetit
0907,å·´
0808,è¯„ è©•è«– ping2lun4 comment
1010,å®˜ å®˜å“¡ guan1yuan2 official
1446,è¿ é•å wei2fan3 violate
1102,æ æå¯« miao2xie3 describe
0693,è´£
0806,èƒ–
1085,åœ¾
0118,è¿˜
1131,ç”š ç”šè‡³ shen4zhi4 even
0901,æ€»
0522,ç§‹ ç§‹å¤© qiu1tian1 autumn
0513,éª‘ é¨é¦¬ qi2ma3 rideahorse
0081,è¯»
0598,ä¸»
0380,æ‰ æ‰ä¸‹ diao4xia4 fall
1525,ä»“ å€‰åº« cang1ku4 warehouse
0084,å¤š
1776,é­ é­é‡ zao1yu4 encounter
1018,çº· ç´›ç´› fen1fen1 oneafteranother
0915,æ‹¬ åŒ…æ‹¬ bao1kuo4 include
0614,è¢«
1208,æ‰® æ‰“æ‰® da3ban4 dressup
0757,æŸ
0721,æ± ç²¾æ¶² jing1ye4 semen
0451,è‚²
0490,åˆ© åˆ©ç›Š li4yi4 benefit
1333,æˆ’ æˆ’æŒ‡ jie4zhi3 ring
0287,æ—©
0754,æ˜“
1786,è‚¿ è…«èµ·ä¾† zhong3qi3lai2 swell
1230,å†Œ å†Šå­ ce4zi5 booklet
1488,æŒ£ æ™éŒ¢ zheng1qian2 earnmoney
1793,èµš è³ºéŒ¢ zhuan4qian2 earnmoney
1189,é˜… é–±è®€ yue4du2 reading
1280,ç–¯ ç™¼ç˜‹ fa1feng1 crazy
0948,èµ
1490,å¤® ä¸­å¤® zhong1yang1 central
0327,æˆ
0861,ç« 
0637,å‚
0937,ä¸ èˆ‡å…¶ yu3qi2 ratherthan
1049,æ€€ æ‡·ç–‘ huai2yi2 doubt
1110,å‡ å‡å‹» jun1yun2 even;well-distributed
0177,ä¸‹
1537,ç‚’
0873,éœ€
0086,å°‘
1616,å¸
1706,å¡ å¡è¥¿è‰äº sai1xi1li4ya4 secilia
0457,å€Ÿ
0054,æ‰“
1353,æ¢¨ æ¢¨å­ li2zi5 pear
0221,è¯†
0113,è´µ è²´æ— gui4zu2 aristocrat
0906,æš—
1112,é™ é™åˆ¶ xian4zhi4 restriction
0820,æ¶ˆ å–æ¶ˆ qu3xiao1 cancel
0174,æ•° æ•¸å­¸ shu4xue2 mathematics
0643,åŠŸ
0589,è¶Š
1405,æŸ“ æ„ŸæŸ“ gan3ran3 infected
0018,è¾¹ æ—é‚Š pang2bian1 side
0423,é»‘
1549,æ­ æ­é… da1pei4 arrangeinpairs
0285,æœˆ
1429,çœ  å¤±çœ  shi1mian2 insomnia
0428,æŠ¤ ä¿è­· bao3hu4 protect
1361,ä»¤
0617,èµ› æ¯”è³½ bi3sai4 competition
0031,å®¢
0774,å’– å’–å•¡ ka1fei1 coffee
0816,å·§ å·§å…‹åŠ› qiao3ke4li4 chocolate
0214,å‰
0670,è£¤ è¤²å­ ku4zi5 pants
0326,å˜
0560,æ¾¡ æ´—æ¾¡ xi3zao3 takeashower
0990,è‡´ è‡´åŠ› zhi4li4 devote
1281,ç‹‚ ç˜‹ç‹‚ feng1kuang2 crazy
1358,æ‹ åˆæˆ€ chu1lian4 firstlove
0341,å‚ åƒåŠ  can1jia1 participate
0147,é¢
0360,è¯
0083,èµ·
0048,å»
0468,ä»¥
0155,è¿›
1087,å©† å©†å©† po2po2 mother-in-law
1261,ç³• ç³Ÿç³• zao1gao1 terrible
1089,å˜ å˜ç±³ li2mi3 centimeter
1471,ä¹™
0500,å¼„ å¼„å£ nong4huai4 break
0179,å¦ˆ
0886,æˆ å‰æˆ² qian2xi4 foreplay
1743,å¨± å¨›æ¨‚ yu2le4 entertainment
0839,ç•Œ
0528,å® å¯¦éš› shi2ji4 actual
0346,æŸ¥ æª¢æŸ¥ jian3cha2 inspect
1560,è·Œ è·Œå€’ die1dao3 fall
1761,å¾ª å¾ªç’° xun2huan2 circulation
0000,ç›¾ çŸ›ç›¾ mao2dun4 contradiction
0932,å…µ
1726,è¸¢ è¸¢è¶³çƒ ti1zu2qiu2 playfootball
1704,ä¹³ ä¹³é ­ ru3tou2 nipple
0601,ç”±
1200,ç»¼ ç¶œåˆ zong1he2 comprehensive(adj)
0000,å®— å®—æ•™ zong1jiao4 religion
0243,å››
0862,æ­¦ æ­¦å™¨ wu3qi4 weapon
1329,ç­‘ å»ºç¯‰ jian4zhu4 architecture
0312,åŠ
0435,è€…
1758,æ‚¬ æ‡¸æ› xuan2gua4 hang
1778,å€º å‚µå‹™ zhai4wu4 debt
0308,é™ å®‰éœ an1jing4 quiet
0430,ç”» ç•«ç•« hua4hua4 draw
0370,ä½
0566,å§“
0802,æš– æš–å’Œ nuan3huo5 warm
0181,å—
0819,ç¥ ç¥è³€ zhu4he4 congratulate
0621,æ ¼ æ ¼å¤– ge2wai4 especially
1120,æƒ æ¬ŠåŠ› quan2li4 power
0968,æ±‡ åŒ¯ç‡ hui4lv4 exchangerate
0782,å¦
1656,ç‰¢ ç‰¢é¨· lao2sao1 complain
0296,é‡
0745,ä»· æ¸›åƒ¹ jian3jia4 discount
0461,é…’
1391,è‘¡ è‘¡è„ pu2tao5 grape
1232,æ’ æ’é€²å» cha1jin4qu4 insert
0377,ä½ ä½ä¸‹ di1xia4 low
1592,å·© éå›º gong3gu4 consolidate
0105,å‘Š
0126,å¬
1679,æ³¡
0741,æœ¯ è—è¡“ yi4shu4 art
0355,ç§Ÿ ç§Ÿé‡‘ zu1jin1 rent
1799,ä½³ æœ€ä½³ zui4jia1 best
0669,è®¢ è¨‚é–± ding4yue4 subscribe
1695,å£® å¼·å£¯ qiang2zhuang4 strong
0209,å¥³
0845,è°ˆ è«‡è«‡ tan2tan2 talk
0140,é¸¡
1293,é¼“ é¼“å‹µ gu3li4 encourage
1591,å®« å­å®® zi3gong1 womb
0993,æ•Œ æ•µäºº di2ren2 enemy
1420,å‰© å‰©ä¸‹ sheng4xia4 left
0962,å¸­ ç¼ºå¸­ que1xi2 absencefrommeeting
0905,ç½® ç½®æ¥­ zhi4ye4 buyrealestate
1489,æ‰§ åŸ·è¡Œ zhi2xing2 execute
0712,ä¹¡ å®¶é„‰ jia1xiang1 hometown
0707,èµ„ è³‡æ–™ zi1liao4 data
0707,èµ„ è³‡æº zi1yuan2 resources
0010,åŠ
1530,ç­– ç­–ç•¥ ce4lve4 tactics
0000,ci4
1013,è¯‘ ç¿»è­¯ fan1yi4 translate
0282,å³
0291,ç€
0626,è¡¥ è£œç¿’ bu3xi2 makeuplesson
0780,ç±» äººé¡ ren2lei4 mankind
1526,è—
0129,å–
1262,æŒ¡ æ“‹ä½ dang3zhu4 block
0323,ç¬”
1568,æ€’ æ†¤æ€’ fen4nu4 angry
1118,è¶‹ è¶¨å‹¢ qu1shi4 trend
1274,ç¹
1678,ç›¼ ç›¼æœ› pan4wang4 lookforwardto
0898,ä¸“
0720,åº† æ…¶ç¥ qing4zhu4 celebrate
0988,ç‹¬ ç¨ç«‹ du2li4 independent
0923,è¿« é€¼è¿« bi1po4 force 
1442,åŒ è¨å­ tao3yan4 hate
0158,è§‰
0810,å•¤ å•¤é…’ pi2jiu3 beer
0516,å¢™ ç‰† qiang2 wall
1285,é© ge2
0597,æœ«
0195,æ˜
1483,èµ  è´ˆé€ zeng4song4 givepresent
0634,æ›¾ æ›¾ç¶“ ceng2jing1 once
1210,æ€¨ æŠ±æ€¨ bao4yuan4 complain
0410,æ–¤
0096,åˆ†
1474,å¹½ å¹½é»˜ you1mo4 humor
1661,é¦’ é¥…é ­ man2tou5 steamedbread
0156,ä¹
0419,åƒ
1270,å¨ å™¸ä½ dun1wei4 ton
0477,æ‹‰
0857,å–„ å–„è‰¯ shan4liang2 good
0668,è°ƒ èª¿æ•´ tiao2zheng3 adjust
0874,å®£ å®£å‚³ xuan1chuan2 propaganda 
0903,å§¨ é˜¿å§¨ a1yi2 aunt
1172,å¯» å°‹æ‰¾ xun2zhao3 lookfor
0447,é€š
0869,æ æå­ li3zi5 plum
0178,è·¯ è·¯ç·š lu4xian4 route
0390,é˜Ÿ å…ˆé‹’éšŠ xian1feng1dui4 vanguard
0578,äº¿ å„„è¬ yi4wan4 hundredmillion
1676,æ‰­ æ‰­è½‰ niu3zhuan3 twist
1542,é•‡ é®å£“ zhen4ya1 suppress
1730,è®¯ è¨Šè™Ÿ xun4hao4 signal
1633,å‰‘ åŠ jian4 sword
0743,å¼º å¼·å£¯ qiang2zhuang4 strong
1094,ç²® ç³§é£Ÿ liang2shi2 grain
0807,æ‰¹ æ‰¹è©• pi1ping2 criticize
0889,å¿— é›œèªŒ za2zhi4 magazine
0664,åŒº å€åŸŸ qu1yu4 area
0142,å‡  å¹¾ä¹ ji1hu1 almost
1680,ç‚® ç‚®å‹ pao4you3 friendwithbenefits
1286,é’¢ é‹¼ç­† gang1bi3 pen
0421,é€‚ åˆé© he2shi4 appropiate
0636,åŸ
1629,å˜‰ å˜‰è³“ jia1bin1 guest
1236,è‚  è…¸é“ chang2dao4 intestine
0615,é¢† é ˜å° ling3dao3 leadership
0294,é“
0765,éªŒ é©—è­‰ yan4zheng4 verify
1709,äº¡ äº¡éˆ wang2ling2 ghost
0088,å„¿
0041,ç¥¨ ç¥¨åƒ¹ piao4jia4 ticketprice
1622,ç®­ å°„ç®­ she4jian4 archery
1737,å¨ƒ å¨ƒå¨ƒ wa2wa5 doll
0131,å¾ˆ
0841,é¦– é¦–é  shou3ye4 homepage
1634,é‰´ é‘‘å®š jian4ding4 appraise
1106,å® å®‰å¯§ an1ning2 peaceful
1669,èª‰ è²è­½ sheng1yu4 reputation
0974,æª æªæ–½ cuo4shi1 measure
0164,æ–‡
0724,å¥‡
0290,è¿™
1703,é™· é™·å®³ xian4hai4 frame
1552,è¯ èª•ç”Ÿ dan4sheng1 birth
0348,å¸‚
0571,ç›
0799,æœ¨
1696,æ¢ æ¢ç¥ liang2zhu4 ButterflyLovers
0966,å­£ å­£ç¯€ ji4jie2 season
1436,æŸ æå¤± sun3shi1 loss
1571,èŒ„ èŒ„å­ qie2zi5 eggplant
1741,èƒ è„…è¿« xie2po4 threaten
0458,å…¥
0375,ç¯ ç‡ˆ deng1 lamp
0333,æ„
1052,ç‡ æ•ˆç‡ xiao4lv4 efficiency
1718,ç¨ ç¨…æ”¶ shui4shou1 taxrevenue
1312,æ»‘ æ½¤æ»‘ run4hua2 lubricate
1073,å·¨
0824,ç¾¤ ç¾¤é«” qun2ti3 colony
1671,ç£¨ ç£¨æ mo2sun3 wearandtear
0798,æŸ æŸäº› mou3xie1 some
1733,å¾’ å¾’å¼Ÿ tu2di5 disciple
0328,é éé«” bian4ti3 alloverbody
0867,æ•ˆ
0318,é¥± é£½æ»¿ bao3man3 full
1379,é™ª
1221,ç’ƒ ç»ç’ƒ bo1li2 glass
1563,ç«¯ ç«¯åˆç¯€ duan1wu3jie2 DragonBoatFestival
0167,å¿« å¿«æ¨‚ kuai4le4 happy
0012,å¸® å¹«åŠ© bang1zhu4 help
0171,ç´¯ ç–²ç´¯ pi2lei4 tired
0649,é™¤ é™¤äº† chu2le5 except
0260,å…ˆ
1308,çŒ´ çŒ´å­ hou2zi5 monkey
1748,èŒ ç´°èŒ xi4jun4 bacteria
0672,é¡¿ ç‡‰é£¯ dun4fan4
0258,æ¬¢ æ­¡è¿ huan1ying2 welcome
1760,æ¶² æ¶²é«” ye4ti3 liquid
0138,ç«
0549,æ¨ æ¨è–¦ tui1jian4 recommend
0985,é‡
1376,å¶
1668,ç­ æ’²æ»… pu1mie4 extinguish
1068,ç¦ ç¦æ­¢ jin4zhi3 prohibit
0558,é—» æ–°è xin1wen2 news
0139,åœº æ©Ÿå ´ ji1chang3 airport
1565,è¹² è¹²é¦¬æ­¥ dun1ma3bu4 martialartsquat
0531,æ”¶
0224,æœŸ æ˜ŸæœŸ xing1qi1 week
0723,å®³ 
0786,ä¹± æ··äº‚ hun4luan4 chaos
1244,æ±— æ±—æ°´ han4shui3 sweat
0409,äº¤
0325,é¡» å¿…é ˆ bi4xu1 must
0965,æˆ·
0299,æ¡Œ
1414,æ‰‡ é›»é¢¨æ‰‡ dian4feng1shan1 electricfan
1033,è´­ è³¼è²· gou4mai3 purchase
0940,å¶ è‘‰å­ ye4zi5 leaf
1672,å¢¨ å¢¨æ°´ mo4shui3 ink
0714,æ³¨
0193,ç±³
0440,ç§‘ ç§‘å­¸ ke1xue2 science
0573,è¯ è—¥ç‰© yao4wu4 pharmaceuticals
0503,çˆ¬
0605,æŒ‰ æŒ‰éˆ• an4niu3 button
1055,è· ç²å¾— huo4de2 obtain
1609,è¡¡ å¹³è¡¡ ping2heng2 balance
0003,çˆ¸
1217,å®¾ è³“å®¢ bin1ke4 guest
1108,åŸ¹ åŸ¹é¤Š pei2yang3 cultivate
0467,æ€•
0321,èƒŒ èƒŒè©© bei4shi2 recitepoetry
0005,ç™½
0222,çœŸ
0547,åœ
0228,å•†
0039,æ­Œ æ­Œæ›² ge1qu3 song
0542,è®º è¨è«– tao3lun4 discuss
0242,è¯´
1026,é™„
0136,ç­”
1079,é€’ éçµ¦ di4gei3 handover
1581,å¥‰ å¥‰ç» feng4xian4 dedicate
1418,èˆ
1600,è½¨ è»ŒåŸŸ gui3yu4 orbit
0829,æ•£
0445,åº· å¥åº· jian4kang1 health
0842,è¾“ è¼¸è¡€ shu1xue4 bloodtransfusion
0946,æ²‰ æ²‰é»˜ chen2mo4 silence
1276,è¿” è¿”å› fan3hui2 return
1047,å‘¼ å‘¼å¸ hu1xi1 breathe
1643,è èåŒ– rong2hua4 melt
0581,é“¶ éŠ€è¡Œ yin2hang2 bank
1589,ç¨¿ è‰ç¨¿æœ¬ cao3gao3ben3 scratchpad
1770,éš éš±ç§ yin3si1 privacy
0661,å¯¼ é ˜å° ling3dao3 leader
0436,æ€¥ è‘—æ€¥ zhao1ji2 worry
1670,è†œ è†œæ‹œ mo2bai4 prostrate
0376,äº
1330,éƒŠ éƒŠå€ jiao1qu1 suburb
0314,å…¬
0442,æ£€ æª¢æŸ¥ jian3cha2 check
1636,å‚² é©•å‚² jiao1ao4 proud
0319,æŠ¥ å ±ç´™ bao4zhi3 newspaper
0281,æ · æ¨£å­ yang4zi5 appearance
1145,å¾ å¾µå…µ zheng1bing1 conscript
1078,æ£µ æ£µæ¨¹ ke1shu4 tree
1355,å‰ åš´å² yan2li4 severe
0424,æ¿
0553,ä¸‡
0594,å 
1764,æ°§
0368,ç„¶
1252,è„† è„†å¼± cui4ruo4 fragile
1477,è±« çŒ¶è±« you2yu4 hesitate
1061,æ¸ é€æ¼¸ zhu2jian4 gradually
1457,çŒ® ç»è¨ˆ xian4ji4 tribute
0879,è‰º è—è¡“ yi4shu4 art
0227,å±±
1001,å µ å µå¡ du3se4 block
1091,ç›Š ç›Šè™• yi4chu4 benefit
1432,æœ æœå°‹ sou1xun2 search
0964,çª— çª—æˆ¶ chuang1hu4 window
0066,ç‚¹ é»å¿ƒ dian3xin1 snack
0393,ä¸” è€Œä¸” er2qie3 moreover
0579,å› 
0024,å‰¯ å‰¯è© fu4ci2 adverb
0211,è·‘
1385,åŒ¹ pi1
0144,ä½
0536,éš éš¨ä¾¿ sui2bian4 casual
0811,è‹¹ è˜‹æœ ping2guo3 apple
0000,é » è¦–é » shi4pin2 video
1007,è€³
0926,é¿ é¿å… bi4mian3 avoid
0085,ä»£ ä»£è¡¨ dai4biao3 represent
1623,æ¢° æ©Ÿæ¢° ji1xie4 machine
0272,æ ¡
1675,æ³¥ æ³¥å²© ni2yan2 mudrock
1658,è¢– è¢–å­ xiu4zi5 sleeve
0925,æ¯• ç•¢æ¥­ bi4ye4 graduation
1625,å‰ å‰ç¥¥ ji2xiang2 auspicious
0630,å¸ƒ
1235,å¯¿ å£½éºµ shou4mian4 longevitynoodles
1683,è˜ è˜è«‹ pin4qing3 hire
0916,è–„ åšè–„ hou4bao2 thickness
1234,æ‹† æ‹†é–‹ chai1kai1 open
1037,ä¸´ è‡¨æ™‚ lin2shi2 temporary
0505,ç¢° ç¢°åˆ° peng4dao4 encounter
0273,è¦
1744,ä¹Œ çƒé´‰ wu1ya1 crow
1185,ç§€ ç§€éº— xiu4li4 beautiful
0362,åº” æ‡‰è©² ying1gai1 should
1454,å“ åš‡å£ xia4huai4 terrify
0622,æ¼” æ¼”æˆ² yan3xi4 act
0002,å…«
0006,å½¢
1357,ç›† ç›†åœ° pen2di4 basin
0311,é•¿
1464,é›„ è‹±é›„ ying1xiong2 hero
1650,æ‰£ æ‰£å­ kou4zi5 button
0665,å‰§ æˆ²åŠ‡ xi4ju4 drama
0364,å°
1773,è°… è«’è§£ liang4jie3 pardon
0215,é’±
1111,ç¨³ ç©©å®š wen3ding4 stable
0027,ç—… ç—…äºº bing4ren2 patient
1292,ä¼° ä¼°è¨ˆ gu1ji4 estimate
0525,è®© è®“ rang4 let
1651,è·¨ è·¨è¶Š kua4yue4 span
1201,é˜» é˜»æ“‹æ•¸ zhu3dang3shu4 blockcount
0638,æœ
0302,æ˜¨
0718,è§„ è¦å¾‹ gui1lv4 law
0691,ä»˜
1412,æ¼  æ²™æ¼  sha1mo4 desert
1536,ç•… æš¢å¿« chang4kuai4 carefree
0624,æ’­ ç›´æ’­ zhi2bo1 livestream
0007,å¤©
0256,æ´—
0803,æ‹ æ‹æ‰‹ pai1shou3 clap
0025,çš„
0336,æ»¡ æ»¿æ„ man3yi4 satisfaction
0572,å…» é¤Šè­· yang3hu4 care
0047,æ¥
1779,è´¦ è³¬æˆ¶ zhang4hu4 account
0106,è¯‰ è¨´è¨Ÿ su4song4 lawsuit
0349,è¾†
0055,åŠ¨
0238,æ ‘ æ¨¹æ— shu4lin2 grove
0213,æ±½
0120,æœ‰
1133,åŠ² å‹åŠ› jin4li4 strength
1121,å´ å»æ˜¯ que4shi4 nevertheless/actually
0793,ç¾
0072,è„‘ è…¦å­ nao3zi5 brain
0000,å›Ÿ xin4
0922,å€
0812,é½ æ•´é½Š zheng3qi2 neat
1555,ç›— ç›œè³Š dao4zei2 thief
0077,ä¸œ
0944,æ¹¿
1326,è‚© è‚©è†€ jian1bang3 shoulder
0045,é¥­
1510,ç‚¸ çˆ†ç‚¸ bao4zha4 explode
0523,é‹ é‹å­ xie2zi5 shoes
0232,èº«
0644,ç«‹
1323,ç”²
1359,é‚» é„°å±… lin2ju1 neighbor
1080,å®½ å¯¬å¤§ kuan1da4 spacious
0533,ç†Ÿ ç†Ÿæ‚‰ shou2xi familiar
1493,æ’ æ’æ“Š zhuang4ji1 impact
0000,å‡» æ”»æ“Š gong1ji1 attack
1360,é“ƒ
0603,ä¸š
0465,é  æˆ‘é  wo3kao4 damn
1350,æœ— æœ—è®€ lang3du2 readaloud
0788,éº» éº»ç…© ma2fan2 trouble
1527,çºµ ç¸±æ©« zong4heng2 vertical
1067,é‡Š è§£é‡‹ jie3shi4 explain
1175,å‘€ ya
0060,å­¦
1177,ä¸¥ åš´æ ¼ yan2ge2 strict
1144,æ®Š ç‰¹æ®Š te4shu1 special
0092,æ”¾ æ”¾å¿ƒ fang4xin1 feelatease
0666,å° å°ç£ tai2wan1 taiwan
0986,è¢‹ è¢‹å­ dai4zi5 bag
1523,ç–¾ ç–¾ç—… ji2bing4 disease
0194,æ¡ æ¢ä»¶ tiao2jian4 condition
0280,åŒ» é†«ç”Ÿ yi1sheng1 doctor
0695,å¿µ æ¦‚å¿µ gai4nian4 concept
1345,è‚¯ è‚¯å®š ken3ding4 affirm
0359,èŠ‚ å­£ç¯€ ji4jie2 festival
1022,åˆ™ å¦å‰‡ fou3ze2 otherwise
0519,æ¥š
1701,æ¸  æ°´æ¸  shui3qu2 canal
1168,éƒ æ–°éƒ xin1lang2 bridegroom
1351,æ¼« æ¼«ç•« man4hua4 manga
1424,ç˜¦ ç˜¦ shou4 thin
0847,ç³– ç³–æœ tang2guo3 candy
0182,ä¹°
1229,é¥® é£²æ–™ yin3liao4 beverage
1239,ä¹˜ ä¹˜å cheng2zuo4 ride
0110,è·Ÿ
1103,è¿° æè¿° miao2shu4 describe
1796,å®— å®—æ•™ zong1jiao4 religion
1107,æµ“ æ¿ƒç¸® nong2suo1 concentrate
0000,è¾² è¾²æ°‘ nong2min2 farmer
0042,ä¸Š
0746,å€¼ åƒ¹å€¼ jia4zhi2 value
0125,çœ‹
0204,å‘¢ ne
1100,æ¢¦ å¤¢æƒ³ meng4xiang3 dream
0052,ä» å¾ä¾† cong2lai2 always
1347,åº“
0545,ç–¼ ç–¼ç—› teng2tong4 ache
0068,å›¾
1029,å°š æ™‚å°š shi2shang4 fashion
1268,æ´ æŒ–æ´ wa1dong4 digahole
0507,å®œ ä¾¿å®œ pian2yi cheap
1394,ç­¾ ç°½å qian1ming2 signature
0329,è¡¨ è¡¨ç¤º biao3shi4 express
1202,æ…° å®‰æ…° an1wei4 comfort
0183,æ…¢
0137,ä¼š 
0899,è½¬ è½‰è®Š zhuan3bian4 change
0796,æ˜¾ é¡¯ç¤º xian3shi4 display
0132,å
0080,éƒ½
1389,å¦ å¦å…‹ tan3ke4 tank
0541,è®¨
1554,å²› å³¶å¶¼ dao3yu3 island
0983,å‹ å‹è™Ÿ xing2hao4 model
0165,å£
0248,å¤ª
0446,è®² è¬›è©± jiang3hua4 speak
1041,é²œ é®®èŠ± xian1hua1 flower
0858,å± å±éšª wei1xian3 danger
1182,ç§» ç§»æ°‘ yi2min2 immigrant
0097,å
1774,æ™• æšˆè»Š yun1che1 carsick
0737,é›† é›†åˆ ji2he2 gather
1134,å” å”å” shu1shu5 uncle
0102,ä¹ˆ æ€éº¼ zen3me5 how
0434,æˆ–
0074,æœº æ©Ÿæœƒ ji1hui4 opportunity
1614,æ‚£ æ‚£è€… huan4zhe3 patient
1205,æ‹” æ‹”å‡º ba2chu1 pullout
0918,è´
1546,ä¸² ä¸²é€£ chuan4lian2 connect
1509,çˆ†
1463,æ¬£ æ¬£è³ xin1shang3 appreciate
0762,å¼ 
0989,æ·¡ æ·¡ dan4 bland
0388,ä¿¡
0235,æ—¶
0267,æ˜Ÿ
1075,èš èšæœƒ ju4hui4 party
0117,è¿‡
1449,èƒƒ èƒƒå£ wei4kou3 appetite
0673,å±• å±•è¦½ zhan3lan3 exhibition
0249,å†™ å¯«å­— xie3zi4 write
1307,æ¨ æ¨ hen4 hate
0094,é£
0033,ç”¨
1318,æŸ´ æŸ´æ²¹ chai2you2 diesel
0000,é»ƒ é»ƒèŠ± huang2hua1 virgin
1507,æš´ æš´éœ²ç‹‚ bao4lu4kuang2 exhibitionist
0000,çŒ¥ çŒ¥è¤» wei3xie4 molest
0000,å¹¼ å¹¼å¥³ you4nv3 younggirl
0448,è§’ ä¸»è§’ zhu3jue2 protagonist
0716,ä¼— çœ¾äºº zhong4ren2 everybody
1320,è‚Œ è‚Œè‚‰ ji1rou4 muscle
1368,ç…¤ ç…¤ç‚­ mei2tan4 coal
0000,çˆ±
1237,å° å˜—å‘³ chang2wei4 taste
0082,ä¹¦ æ›¸ç± shu1ji1 book
1163,ç»† è©³ç´° xiang2xi4 detailed
0676,å›´
1448,å§” å§”å±ˆ wei3qu1 grievance
1046,åš
0770,æ—§
1101,ç§˜ ç§˜å¯† mi4mi4 secret
1190,ä¸ˆ ä¸ˆå¤« zhang4fu1 husband
1558,æŠ—
1341,é¢— é¡†ç²’ ke1li4 grain
0404,æ´»
1559,åŠ åŠæ­» diao4si3 hang
1524,é…· é…·æ„› ku4ai4 loveardentlyadorebecrazyabout
0000,æ§ è˜¿è‰æ§ luo2li4kong4 lauraleekhan
0104,å…´
0688,çˆ¶
1176,å»¶ å»¶å¾Œ yan2hou4 postpone
0826,ä»» ä»»å‹™ ren4wu4 task
0062,åˆ°
0852,ç—›
1216,è¾‘ ç·¨è¼¯ bian1ji2 compiler
0223,æ—¥
0145,é‡Œ è£¡é¢ li3mian4 inside
1088,æ³ª çœ¼æ·š yan3lei4 tear
0373,å¤„ è™•ç”· chu3nan2 virgin
1288,æ ææ€ª gao3guai4 mischief
1645,çº  ç³¾ç´› jiu1fen1 dispute
1402,åŸŸ é ˜åŸŸ ling3yu4 territory
1444,å åè¡€ tu4xue4 spitblood
1535,ç›› ç¹ç›› fan2sheng4 prosperous
0009,ç­
0449,é¥º
0708,æ°‘ æ°‘æ— min2zu2 nationality
0255,äº”
0882,èµ¢ è¼¸è´ shu1ying2 winorlose
0389,æ®µ
0908,å£«
0924,ç¬¨ ç¬¨è›‹ ben4dan4 fool
1539,æ’¤ æ’¤é›¢é™£åœ° che4li2zhen4di4 retreat
1116,é†’ é†’ä¾† xing3lai2 wake
0460,ç» ç¶“é©— jing1yan4 experience
1146,å¡« å¡«å¯« tian2xie3 fillin
0958,è™«
0501,åŠª åŠªåŠ› nu3li4 effort
0739,çºª ç´€å¿µ ji4nian4 souvenir
1665,çŒ› çŒ›çƒˆ meng3lie4 fierce
0868,è¡€
0731,å™¨
0539,é˜³ é™½å…‰ yang2guang1 sunshine
0697,ç´§ ç·Šç©´ jin3xue2 tightcave
1253,æ¬¾ æ¬¾é … kuan3xiang4 payment
1789,ç…®
1031,ä¾› ä¾›çµ¦ gong1ji3 supply
0372,å€’
0667,é‚® éƒµä»¶ you2jian4 mail
0000,å‚ chui2
1375,ä»”
0357,å¹
0967,çº¯ å–®ç´” dan1chun2 pure
0783,é¾™
0735,ç¡€ åŸºç¤ ji1chu3 base
1035,å›º éå›º gong3gu4 consolidate
0970,æ¿€ æ¿€ç´  ji1su4 hormone
1374,é¾„ å¹´é½¡ nian2ling2 age
1339,çƒ¤
1343,æ€œ å¯æ† ke3lian2 pitiful
1603,é…± jiang4 -chan
1550,æ¡£ æª”æ¡ˆ dang4an4 file
0885,ç®±
0079,ä½œ
0814,çƒˆ æ¿€çƒˆ ji1lie4 intense
1160,èŠ
0671,è±¡
1381,å–· å™´åš pen1ti4 sneeze
0057,è¯
0133,èŠ±
1140,é…¸ é…¸å¥¶ suan1nai3 yogurt
0933,ä¹
1521,è¸© è¸©è¸ cai3ta4 trample
0823,è£™ è£™å­ qun2zi skirt
0504,æ’ æ’éšŠ pai2dui4 line
1599,é˜” å¯¬é—Š kuan1kuo4 wide
0347,è¶… è¶…ç´š chao1ji2 super
0386,åº¦
1024,å¦» å¦»å­ qi1zi5 wife
0894,è‡³
0828,ä» ä»ç„¶ reng2ran2 still
1700,ç»ª çºŒé›† xu4ji2 sequel
0475,ä¹ æ¨‚åœ’ le4yuan2 paradise
1325,é©¶ é§•é§› jia4shi3 drive
1583,è‹ è˜‡æ±å¡ su1dong1po1 sudongpo
0652,é€  å‰µé€ åŠ› chuang4zao4li4 creativity
0172,å†·
1149,è´´ è²¼ç´™ tie1zhi3 sticker
0038,å”± å”±æ­Œ chang4ge1 sing
0713,æŒ‚ æ‡¸æ› xuan2gua4 hang
0090,æˆ¿
1740,å¨ å¨è„…åˆ©èª˜ wei1xie2li4you4 threatenbribe
0875,è®­ è¨“ç·´ xun4lian4 train/drill
1214,å½¼ å½¼å²¸èŠ± bi3an4hua1 lycorisradiata
1093,è‰¯
1156,å¾® ç¨å¾® shao1wei1 a little
1225,å¿ è³ å„Ÿ pei2chang2 compensation
1759,æ—‹ æ—‹é¢¨ xuan4feng1 whirlwind
0499,é¸Ÿ
0338,éƒ¨
0028,ä¸
1263,å¾· ç¾å¾· mei3de2 virtue
1639,å¥ ç¯€å¥ jie2zou4 rhythm
0945,å½» è²«å¾¹ guan4che4 carryout
0169,å¸ˆ å¸«å‚… shi1fu5 master
0912,è´¥ å¤±æ•— shi1bai4 failure
0491,æ—… è¦ªå¯†æ—…è¡Œ qin1mi4lv3xing2 intimatetravel
0953,æƒŠ åƒé©š chi1jing1 besurprised
1097,è½® è¼ªèƒ lun2tai1 tire
0000,çµ çµæŸ jie2shu4 end
1032,æ„ çµæ§‹ jie2gou4 structure
0587,åŸ
0750,å»º å»ºç¯‰ jian4zhu4 architecture
0657,çº¦ ç´„æœƒ yue1hui4 date
0234,å
0732,ç§¯ å †ç© dui1ji1 accumulate
1473,æ‹¥ æ“æ“  yong1ji3 crowded
1156,ç»´ ç¶­è­· wei2hu4 maintain
1324,é©¾ é§•é§› jia4shi3 drive
1469,å’¬ å’¬ yao3 bite
0934,æ“¦ æ“¦é¼»å­ ca1bi2zi5 wipenose
1065,æˆ æ•™æˆ jiao4shou4 professor
0108,ä¸ª
1727,æ·» å¢æ·»åŠ  zeng1tian1jia1 increase
0568,é€‰ é¸æ“‡ xuan3ze2 choose
1167,é¡¹ æ¬¾é … kuan3xiang4 payment
1174,äºš äºæ´² ya4zhou1 asia
0890,å¢
0947,é»˜ å¹½é»˜ you1mo4 humor
1048,å¸ å¸å¼• xi1yin3 attract
1435,ç¢ ç¢ç‰‡ sui4pian4 fragment
1233,è¯¢ å’¨è©¢ zi1xun2 consult
1302,æ»š æ¹¯æ»¾äº† tang1gun3le boiled
0884,åŠ¿ è¶¨å‹¢ qu1shi4 trend
1511,æƒ¨ æ…˜é­ can3zao1 suffer
0000,æ®˜ æ®˜ç–¾ can2ji2 disabled
0850,è·³
0734,åŸº åŸºç¤ ji1chu3 base
0717,ç®¡
0454,è¡—
0264,å°
0075,å½± å½±éŸ¿ ying3xiang3 influence
0444,å¥ å¥åº· jian4kang1 health
0395,å‘
0176,å…­
1042,å¯’ å¯’å‡ han2jia4 winterbreak
0000,æš‘ æš‘å‡ shu3jia4 summerbreak
1566,å¤º å¥ªå†  duo2guan4 takefirstplace
0000,å†  å† è» guan1jun1 champion
1317,æ³¼
1644,äº•
0595,ç¡® ç¢ºå®š que4ding4 sure
0061,ç”Ÿ
0872,ä¿® ä¿® xiu1 repair
1342,å’³ å’³å—½ ke2sou4 cough
1690,æ° æ°å¥½ qia4hao3 justright
0278,è¡£
0036,å·® å·®é» cha4dian3 almost
1366,ç›¾ çŸ›ç›¾ mao2dun4 contradiction
0662,åº• åˆ°åº• dao4di3
1626,ç¥¥ å‰ç¥¥ ji2xiang2 lucky
1647,æ æç¨… juan1shui4 tax
0977,é›·
1417,è›‡ è›‡ she2 snake
0738,å½• ç´€éŒ„ ji4lu4 record
0191,æœ‹
0919,å¯†
0456,ç»“ çµå©š jie2hun1 marry
0675,èŒƒ ç¯„åœ fan4wei2 range
0760,ç‰Œ ç‰Œå­ pai2zi5 sign
1627,äºˆ
0728,ç¯ ç’°å¢ƒ huan2jing4 environment
0412,å¸
1098,å·¾
0825,å¸ å¹£å€¼ bi4zhi2 currencyvalue
1348,äº è™§æ kui1sun3 loss
0616,è¾ƒ æ¯”è¼ƒ bi3jiao4 compare
0114,å›½ åœ‹ç± guo2ji2 citizenship
0417,é™… åœ‹éš› guo2ji4 international
1715,æ¬² æ¬²æœ› yu4wang4 desire
0969,åˆº åˆºæ¿€ ci4ji1 stimulate
0604,åº§
1722,å¡” å¡” ta3 tower
0089,åº—
0848,ç”œ ç”œèœœ tian2mi4 sweet
1370,ç§’ ç§’é˜ miao3zhong1 second
1721,è¸ è¸è¸ jian4ta4 trample ğŸ¤¤
0753,è­¦ è­¦å¯Ÿ jing3cha2 police
0498,è½» è¼•é¬† qing1song1 relaxed
0011,å¹´
0396,å¿ƒ
0284,è¿œ é æ–¹ yuan3fang1 distance
0000,ä»‹ ä»‹ç´¹ jie4shao4 introduce
1066,é˜¶ è»éš jun1jie1 militaryrank
1191,æ‹› æ‹›è˜ zhao1pin4 recruit
0690,äº² è¦ªå¯† qin1mi4 intimate
1472,ç¡¬ ç¡¬å¹£ ying4bi4 coin
1782,ç—‡ ç™Œç—‡ ai2zheng4 cancer
0689,æ¯
0851,èˆ èˆå­ƒ wu3niang2 femaledancer
0159,ç¬‘
0895,åˆ¶ é™åˆ¶ xian4zhi4 restriction
1421,å‚… å¸«å‚… shi1fu5 master
0257,å–œ
0335,ä¹…
1691,ç‰µ ç‰½æ‰‹ qian1shou3 holdhands
1039,é€› é€›è¡— guang4jie1 windowshopping 
0515,åƒ
1015,æ¾ é¬†ç©´ song1xue2 loosecave
0768,ç¥
1575,ç½ª æ€§çŠ¯ç½ª xing4fan4zui4 sexcrime
0761,å°½ è‡ªç›¡ zi4jin4 commitsuicide
1246,å¨ å»šæˆ¿ chu2fang2 kitchen
1203,å²¸ æµ·å²¸ hai3an4 coast
1322,å¤¹ å¤¾å­ jia1zi5 clip
1784,æ…§ æ™ºæ…§ zhi4hui4 wisdom
0521,æ±‚
0022,æ¯”
0356,èˆ¹
1277,å¼ƒ æ‹‹æ£„ pao1qi4 abandon
1576,ä½› ä½›æ•™ fo2jiao4 buddhism
0340,å• å–®äººæˆ¿ dan1ren2fang2 singlebedroom
0431,è¿
0473,å“­
0217,é—®
0911,è„« è„«è¡£èˆå­ƒ tuo1yi1wu3niang2 stripper
1227,è£ è£ç¸« cai2feng1 tailor
1440,é€ƒ
1011,å¾‹ è¦å¾‹ gui1lv4 law
1751,è€—
0093,å‡
1008,æŒ¥ æŒ‡æ® zhi3hui1 command
1070,é•œ é¡å­ jing4zi5 mirror
1092,ä¿© å€† lia3 å…©å€‹
1431,ç§ éš±ç§ yin3si1 privacy
0696,èµ¶ è¶•ç·Š gan3jin3 hurryup
1615,çš‡ çš‡å¸ huang2di4 emperor
0996,æº è³‡æº zi1yuan2 resource
0153,ç» ä»‹ç´¹ jie4shao4 introduce
1099,å¸½ å¸½å­ mao4zi5 hat
1553,å…š é»¨æ´¾ dang3pai4 politicalparty
1798,é’» é‘½ç ” zuan1yan2 studyintensively
0789,çƒ¦ éº»ç…© ma2fan2 trouble
0580,é˜´ é™°è¬€ yin1mou2 conspiracy
0703,å„
1212,è¾ˆ è¼© bei4 lifetime
1295,æŒ æ“ŠæŒ ji1zhang3 clap
1505,åˆŠ åˆŠè¼‰ kan1zai3 publish
1260,è´· è²¸æ¬¾ dai4kuan3 loan
0487,äº®
0559,æƒ¯ ç¿’æ…£ xi2guan4 habit
1141,å­™
1119,åœˆ åœˆå­ quan1zi5 circle
0801,å†œ è¾²æ¥­ nong2ye4 agriculture
0512,å…¶
0633,å½© ç²¾å½© jing1cai3 wonderful
1331,èƒ¶ è† æ°´ jiao1shui3 glue
1610,å® å®è§€ hong2guan1 macroscopic
0790,è¶³
0116,å¤–
1150,æŠ• æŠ•é™ tou2xiang2 surrender
0740,æŠ€ æŠ€è¡“ ji4shu4 technology
1081,çŸ¿ ç¤¦æ³‰ kuang4quan2 mineralwater
1082,æ³‰ æº«æ³‰ wen1quan2 hotspring
0830,æ²™ æ²™ç™¼ sha1fa1 sofa
0119,æ˜¯
0656,æ¦‚ æ¦‚å¿µ gai4nian4 concept
1712,å®¡ å¯©åˆ¤ shen3pan4 trial
0635,äº§ è²¡ç”¢ cai2chan3 property
0369,å¸¦
0268,è¡Œ
0655,ç ´ ç ´å£ po4huai4 destroy
0935,æ–™ ææ–™ cai2liao4 material
0822,ç¼º ç¼ºä¹ que1fa2 lack
0866,è•‰ é¦™è•‰ xiang1jiao1 banana
0046,å‡º
1543,å´‡ å´‡æ‹œ chong2bai4 worshipadore
0991,é—­ é–‰å˜´ bi4zui3 shutup
0876,å‹ å£“åŠ› ya1li4 pressure
0773,ç» çµ•å° jue2dui4 absolute
1219,æ¯’ å¸æ¯’ xi1du2 drugabuse
1800,åºŸ æµªè²» lang4fei4 waste
0004,å§
1003,é”» é›ç…‰ duan4lian4 exercise
1556,æ»´ æ»´æ°´ di1shui3 drip
0263,æƒ³
1466,æŠ¼ æ”¶æŠ¼ shou1ya1 detain
1648,æ‚Ÿ æ‚Ÿç©º wu4kong1 monkeyking
0443,ä»¶
1002,è‚š
1077,è™‘ è€ƒæ…® kao3lv4 consider
0837,çŸ³
1613,å¹» å¹»æƒ³ huan4xiang3 fantasy
0304,åš
1403,åŠ å‹¸ quan4 adviseurge
0313,æ³• é­”æ³•å°‘å¥³ mo2fa3sha4onu3 magicalgirl
0149,å«
1148,æˆ˜ æˆ°é¬¥ zhan4dou4 battle
1213,é¼» é¼»å­ bi2zi5 nose
0574,å·²
0050,åºŠ
1456,é—² é–’ç½® xian2zhi4 idle
0726,è” æ˜¥è¯ chun1lian2 springcouplet
0112,å…³ é—œä¿‚ guan1xi5 relationship
0833,å‡ æ™‰å‡ jin4sheng1 promotion
1115,æµ… è†šæ·º fu1qian3 superficial
1166,å¿ ç¸£ xian4 county
0470,åˆ» åˆ»è‹¦ ke4ku3 hardworking
0971,ç²— ç²—å¿ƒ cu1xin1 careless
0653,æ‘ è¾²æ‘ nong2cun1 countryside
0399,å° å°é– feng1suo2 seal
0511,æ™® æ™®é€šè©± pu3tong1hua4 mandarin
0320,çº¸
0019,äº¬
0684,ä¸°
0035,èŒ¶
0902,é˜¿
0827,ä½•
1618,ç»˜ ç¹ªç•« hui4hua4 painting
0407,æ›´
0920,å®ˆ å®ˆ shou3 guard
0537,æ‰€
0758,è§£
1062,æ±Ÿ
1199,é€ é€æ¼¸ zhu2jian4 gradually
0245,å²
1127,æ™’ æ›¬å¤ªé™½ shai4tai4yang2 sunbathe
0784,çº¿
0489,æµ
0154,ä»Š
0961,å”® å”®è²¨ shou4huo4 sell
0853,è‹¦
1311,è™ è€è™ lao3hu3 tiger
0625,æ–­ æ–·é–‹ duan4kai1 break
0685,å¯Œ è±å¯Œ feng1fu4 rich
1407,å¿ å¿è€ ren3nai4 patience
0569,é¢œ é¡è‰² yan2se4 color
1713,åœ£ è–èª• sheng4dan4 christmas
0017,åŒ—
0127,ç©
1346,æ§ æ§åˆ¶ kong4zhi4 control
1279,äº« äº«å— xiang3shou4 enjoy
1769,è°‹ é™°è¬€ yin1mou2 conspiracy
0927,å…
0980,é’ˆ é‡ zhen1 needle
1765,é‡ é‡è » ye3man2 uncivilized
0190,ä»¬
1139,å¡‘ å¡‘æ–™ su4liao4 plastic
0992,ç™»
1756,æ—º æ—ºç›› wang4sheng4 prosperous
1601,è·ª è·ªä¸‹ gui4xia4 kneel
0606,æŠŠ
0180,é©¬
0301,æœ€
0496,è¿
1531,ç•¥ ä¾µç•¥ qin1lve4 invade
1544,å®  å¯µç‰© chong3wu4 pet
0000,é¾ é¾é–€ long2men2 dragongate
1501,éµ éµå®ˆ zun1shou3 abideby
1588,æ¸¯ é¦™æ¸¯ xiang1gang3 hongkong
0517,é’
1785,å¿  å¿ èª  zhong1cheng2 loyal
1069,ç«Ÿ ç«Ÿç„¶ jing4ran2 unexpectedly
0476,ç­· ç­·å­ kuai4zi chopsticks
0157,å°±
1243,è‡­ è‡­å‘³ chou4wei4 stink
1195,åºœ æ”¿åºœ zheng4fu3 government
0016,æ¯
1072,å±€ æ£‹å±€ qi2ju2 chessboard
1772,å®‡ å®‡å®™ yu3zhou4 universe
0546,æ
0658,å¤«
1467,è‚ƒ è‚…æ¸… su4qing1 eliminatepurge
1019,å¥‹ å¥®é¬¥ fen4dou4 struggle
1502,æŒ¨ æŒ¨è¿‘ ai1jin4 approach
0959,æŠ½ æŠ½ç…™ chou1yan1 smoke
1693,è°¦ è¬™è™› qian1xu1 modest
0283,å…ƒ
0797,å‘½ å£½å‘½ shou4ming4 lifespan
1468,é‚€ é‚€è«‹ yao1qing3 invite
0225,è‚‰
0026,äºº
1595,éšœ è·¯éšœ lu4zhang4 roadblock
0437,è®¡ è¨ˆç®— ji4suan4 calculate
1750,å«Œ å«Œç–‘ xian2yi2 suspiciondoubt
1388,é¢‘ è§†é¢‘ shi4pin2 video
0229,ç½‘ ç¶²çµ¡ wang3luo4 network
0037,å¸¸ ç•°å¸¸ yi4chang2 abnormal
0749,ç®€ ç°¡å–® jian3dan1 simple
1045,ç  å¯†ç¢¼ mi4ma3 password
1398,æ‚„ æ‚„æ‚„ qiao1qiao1 quietly
0469,å…‹ 
1746,ç‰º çŠ§ç‰² xi1sheng1 sacrifice
1768,æ†¾ ç¼ºæ†¾ que1han4 regretableimperfection æ˜æ—¥æ–¹èˆŸ
0687,ç¦ å¹¸ç¦ xing4fu2 happiness
1659,å˜›
0639,åµ åµæ¶ chao3jia4 quarrel
1547,é†‹ é†‹é…¸ cu4suan1 aceticacid
1218,é¥¼ é¤…ä¹¾ bing3gan1 biscuit
1158,æœª æœªä¾† wei4lai2 future
1415,æ¶¨ æ¼²åƒ¹ zhang3jia4 priceincrease
1606,è° å’Œè«§ he2xie2 harmonious
1300,é¬¼ é¬¼é­‚ gui3hun2 ghost
1641,æˆª æˆª jie2 cut
0800,å®¹ å®¹æ˜“ rong2yi4 easy
0160,è€ƒ
0956,å¯¸
1186,å¹¼ å¹¼å¥³ you4nv3 younggirl
0821,ä¸–
1519,æ• æ•æ‰ bu3zhuo1 capture
0877,çƒŸ ç…™èŠ± yan1hua1 fireworks
0913,è£¹ è£¹ç´® guo3zha1 wrapup
0152,ä»‹
1653,èµ– è³´åºŠ lai4chuang2 oversleep
1655,æ‡’ æ‡¶æƒ° lan3duo4 lazy
0509,æ¼‚
1135,æš‘ æš‘å‡ shu3jia4 summerholiday
1250,è¾ è¾­è· ci2zhi2 resign
1503,ç½¢ ç½·å·¥ ba4gong1 strike
0103,é«˜
1445,å…” è‰²å…” se4tu4 colorrabbit
1443,å· å·å· tou1tou1 secretly
0586,è¨€
1593,è´¡ è²¢ç» gong4xian4 contribute
1143,èºº èººä¸‹ tang3xia4 lie
0053,é”™
0151,å§
0403,æ„Ÿ
1745,è¹ˆ è¹ˆæµ· dao3hai3 commitsuicidebtyjumpingintotheocean
0207,æ‚¨
1702,åˆ¸ å„ªæƒ åˆ¸ you1hui4quan4 coupon
1122,ç‡ƒ ç‡ƒç‡’ ran2shao1 burn
1578,è£‚ è£‚é–‹ lie4kai1 split
0008,ç™¾
1014,æ˜  æ˜ åƒ ying4xiang4 reflection
1617,æ¯ æ¯€æ»… hui3mie4 exterminate
1060,å‡
0452,æ¥ æ¥å— jie1shou4 accept
0253,å¿˜ å¿˜è¨˜ wang4ji4 forget
1327,è‰° è‰±é›£ jian1nan2 difficult
0896,çŒª è±¬è‚‰ zhu1rou4 pork
1564,ä¼
0880,ä¹‰
0623,å¹¶
0345,å±‚ å±¤æ¨“ ceng2lou2 floor
1538,è‚¡ è‚¡ç¥¨ gu3piao4 stock
0262,åœ¨
1321,æŒ¤ æ“ æ“  ji3ji3 crowded
1438,æŠ¬ æŠ¬ tai2 lift
0150,æ¥¼ æ¨“æ¢¯ lou2ti1 stairs
0472,ç©º
0640,æ¶
1783,æ
1694,æ½œ æ½›æ°´ qian2shui3 diving
0550,è…¿ è…¿è…³ tui3jiao3 leg
0928,ç¼– ç·¨è¼¯ bian1ji2 edit
0488,ç•™ ç•™ä¸‹ liu2xia4 leavebehind
1631,ç›‘ ç›£ç„ jian1yu4 prison
1171,æ‹© é¸æ“‡ xuan3ze2 choose
0146,è§
1732,é“œ éŠ…ç¤¦ tong2kuang4 coppermine
0402,æ”¹ æ”¹è®Š gai3bian4 change
0954,è¿Ÿ é²åˆ° chi2dao4 late
1689,æ°› æ°›åœ fen1wei2 atmosphere
0659,å›¢ é£¯ç³° fan4tuan2 riceball
1372,ç³Š å«ç³Š han2hu4 vague
0463,å¥
1349,çƒ‚ è…çˆ› fu3lan4 decomposerot
0186,ç³» é—œä¿‚ guan1xi5 relationship
1147,æŒ‘ æŒ‘æˆ° tiao3zhan4 challenge
1224,è€ å¿è€ ren3nai4 patience
0608,æ¬ æ¬å®¶ ban1jia1 move
0143,è®° è¨˜æ€§ ji4xing4 memory
0751,è®¾ è¨­æ–½ she4shi1 facilities
1534,æ˜Œ æ˜Œç›› chang1sheng4 prosperous
0981,æ¨¡ æ¨¡ mo2 patternstandard
0197,å“ª
0883,ä¼˜ å„ªæƒ  you1hui4 preferential
0279,æœ
0293,çŸ¥
1642,é¢ é¡ e2 forehead
0400,åŠ¡ ä»»å‹™ ren4wu4 task
0122,æ±‰ æ¼¢å­— han4zi4 chinesecharacter
1207,ç‰ˆ ç‰ˆæœ¬ ban3ben3 version
0202,å— å—æ–¹ nan2fang1 south
1462,è¾› è¾›è‹¦ xin1ku3 hard
0835,èƒœ å‹ sheng4 win
0246,ä»–
1439,å¼¹ å½ˆè—¥ dan4yao4 ammunition
1708,è°·
1692,é“… é‰›ç­† qian1bi3 pencil
1153,å¼¯ å½ wan1 bend
1426,æ‚‰ ç†Ÿæ‚‰ shu2xi1 familiar
0384,å›­
1762,æ²¿ æ²¿é€” yan2tu2 alongtheway
0854,çª
0219,çƒ­ ç†±æƒ… re4qing2 enthusiasm
0641,è¡¬ è¥¯è¡« chen4shan1 shirt
0001,å¥½
0698,æ•¢ æ•¢ gan3 dare
1719,å¯º å°‘æ—å¯º shao3lin2si4 shaolintemple
0951,æ‹… æ“” dan1 carry
1635,éª„ é©•å‚² jiao1ao4 proud
1410,æ´’ ç‘ sa3 sprinkle
1409,è½¯ è»Ÿä»¶ ruan3jian4 software
1533,è¿ é·ç§» qian1yi2 migrate
1291,æ²Ÿ æºæ¸  gou1qu2 irrigationcanal
1628,ç›Ÿ è¯ç›Ÿ lian2meng2 alliance
0441,åº­ å®¶åº­ jia1ting2 family
1520,çº³ ç´ç¨… na4shui4 paytaxes
1136,åˆ·
1256,èƒ† è†½ dan3 courage
1677,æ¦œ æ¦œ bang3 postedlistofnames
1397,æŠ¢ æ¶åŠ« qiang3jie2 rob
0663,å¾… å¾…æ¥­ dai4ye4 unemployed
1652,å•¦
1257,çº² ç¶±é ˜ gang1ling3 program
1632,æ¡ æ’¿èµ· jian3qi3 pick
0317,åŠ© å¹«åŠ© bang1zhu4 help
0648,åˆ åˆæˆ€ chu1lian4 firstlove
1434,å®¿ å®¿èˆ su4she4 dormitory
1479,ç¾½
0709,å§‘
1382,æŠ« æŠ«é¢¨ pi1feng1 cape
1282,æ‰¶ æ‰¶é¤Š fu2yang3 support
0972,ä¿ƒ 
0627,å…… å……æ»¿ chong1man3 full
0632,é‡‡ æ¡è³¼ cai3gou4 purchase
1306,è´º ç¥è³€ zhu4he4 congratulate
1400,ç§ çœ‹ç§ kan4qiao2 look
1408,æ‰” æ‰”æ‰ reng1diao4 throwaway
1248,å¸˜ çª—ç°¾ chuang1lian2 curtain
1754,è–ª è–ªæ°´ xin1shui3 salary
1254,å‡» æ”»æ“Š gong1ji1 attack
1496,ç¢ é˜»ç¤™ zu3ai4 hinder
1371,ä»¿ ä»¿çœŸ fang3zhen1 simulate
1529,ä¾§
1354,è²Œ
1729,å¾„
1707,ä¸§
1664,è’™
0795,æ—
0645,å‘˜
1012,ç¿»
0556,å–‚
0681,è®¿
0577,ç›´
1109,è´¨
1266,ä¸¢
1183,é—
0524,å–
1059,å¯„
0540,æ€
1194,æ”¿
0748,å†³
1667,å¦™
1430,ç¡•
0484,è„¸
0095,é
1020,æ–—
0563,ç›¸
1264,éœ‡
0742,ç»§
0863,å¸Œ
1598,è¾‰
1484,æ‘˜
0891,äº‰
1577,è‚º
1038,ç›˜
0206,ä½ 
0392,è€Œ
0794,ä¸½
0870,çŠ¶
0397,é’Ÿ
0766,è¥
1657,çµ
1241,æ„
1028,è¶£
0642,è¡«
1699,æ´
0612,é™©
0960,å¥–
1570,ç•ª
0725,äº’
0683,é…
0098,é£
0804,æ´¾
1597,æ‹
0406,çº§
0502,åŠ›
1071,å±…
1056,å³
0929,è¾©
0779,æµª
0200,å¥¶
0134,å
1051,ç¼“
0040,è½¦
1017,ä¹‹
0230,åˆ
1513, 
0378,é“
0288,æ€
0418,å–Š
0391,äº‘
0592,è„
1522,æ®‹
1162,å¼•
1086,è¾£
1495,è±ª
0647,ç»­
1152,è¢œ
1367,è´¸
0520,æ™´
0064,åœ°
0014,åŒ…
1180,è…°
1064,é™
0492,æ¸¸
0379,å¤´
0187,äº‹
0763,æµ
0216,è¯·
0791,åª’
1076,å·
0878,ç¾Š
0337,å®š
0719,å†…
0295,ä¸­
1016,è‚¥
1275,è£
1485,ç
0455,ç›®
1797,ç¥–
0815,æ¡¥
0269,ä¼‘
0995,æ¢¯
0201,ç”·
0161,è¯•
1579,æ„¤
0729,å¢ƒ
0401,è¯¥
0702,æ€§
1500,æ•¬
1129,èµ
0565,ç»„
1413,å‚»
1021,ä¿—
1025,ç¬¦
1411,æ€
1585,è‚
1104,æ‘¸
0205,èƒ½
0034,èœ
0775,å•¡
0508,ç‰‡
1451,æ±¡
1478,è°Š
1771,æ„‰
1390,å‡­
0091,é—´
1363,é€»
0897,æŠ“
0564,å“
1369,è¯Š
0776,å§‹
0241,ç¡
0013,å¿™
0315,å®¤
0600,å·±
0387,çŸ­
1297,å† 
0166,å—
0840,æŒ‡
0020,æœ¬
0646,ç¨‹
1508,éœ²
1154,ç»œ
1528,å•
0831,ä¼¤
1267,å†»
1590,æ”»
0562,å¤
1753,æ™“
0686,å¦
0957,å†²
0189,é—¨
0975,æ–½
0699,å†’
1499,å°Š
1705,è‹¥
0510,ç“¶
1082,æ³‰
0474,é¤
1584,æ¶‰
0856,é€€
0747,åš
0252,æ™š
0021,é‡
1337,ä¿±
0459,è¿‘
1184,å‹‡
0276,é¡µ
0955,å°º
1215,å¹•
0385,éŸ³
0805,åˆ¤
1437,é”
1515,ç¼˜
0343,åŠ 
0769,æ™¯
1332,è§¦
1685,å¡
0130,å’Œ
1687,é“º
0871,å¹¸
1123,å¼±
1396,æª
0087,é¥¿
1482,ç³Ÿ
0330,ç¤º
1238,å€¡
0466,å¯
0121,å­©
1638,æ­
1044,æ¯«
1724,è¶Ÿ
1095,ç–—
1130,ç”³
1294,åŠ±
0860,å«
1459,æ­‡
1126,æ—



0528,å® å¯¦éš› shi2ji4 actual
1592,å·© éå›º gong3gu4 consolidate
1656,ç‰¢ ç‰¢é¨· lao2sao1 complain
0745,ä»· æ¸›åƒ¹ jian3jia4 discount
1778,å€º å‚µå‹™ zhai4wu4 debt
1758,æ‚¬ æ‡¸æ› xuan2gua4 hang
1384,è„¾ è„¾è‡Ÿ pi2zang4 spleen
1179,ç› é¹½æ°´ yan2shui3 brine
1791,é©» é§è» zhu4jun1 garrison
1540,æ’‘ æ’é–‹ cheng1kai1 propopen
0917,å® å¯¶è² bao3bei4 precious
1269,å † å †ç© dui1ji1 accumulate
1640,æ° å‚‘å‡º jie2chu1 outstanding
1498,é†‰ é†‰é…’ zui4jiu3 drunk
1492,é¥° é£¾å“ shi4pin3 ornament
1428,æ‘” æ‘”è·¤ shuai1jiao1 tripandfall 
1040,å½’ æ­¸é‚„ gui1huan2 return
0557,å¹ å˜†æ°£ tan4qi4 sigh *
1700,ç»ª çºŒé›† xu4ji2 sequel
1100,æ¢¦ å¤¢æƒ³ meng4xiang3 dream
0000,å‡» æ”»æ“Š gong1ji1 attack
1651,è·¨ è·¨è¶Š kua4yue4 span
1292,ä¼° ä¼°è¨ˆ gu1ji4 estimate
1234,æ‹† æ‹†é–‹ chai1kai1 open
1540,æ’‘ æ’é–‹ cheng1kai1 propopen
1235,å¯¿ å£½éºµ shou4mian4 longevitynoodles
0925,æ¯• ç•¢æ¥­ bi4ye4 graduation
1623,æ¢° æ©Ÿæ¢° ji1xie4 machine
1108,åŸ¹ åŸ¹é¤Š pei2yang3 cultivate
1055,è· ç²å¾— huo4de2 obtain
0573,è¯ è—¥ç‰© yao4wu4 pharmaceuticals
0549,æ¨ æ¨è–¦ tui1jian4 recommend
0012,å¸® å¹«åŠ© bang1zhu4 help
1703,é™· é™·å®³ xian4hai4 frame æ’
1669,èª‰ è²è­½ sheng1yu4 reputation
1106,å® å®‰å¯§ an1ning2 peaceful
1709,äº¡ äº¡éˆ wang2ling2 ghost
1094,ç²® ç³§é£Ÿ liang2shi2 grain
0869,æ æå­ li3zi5 plum å­£ç¯€
1353,æ¢¨ æ¢¨å­ li2zi5 pear
0516,å¢™ ç‰† qiang2 wall
0720,åº† æ…¶ç¥ qing4zhu4 celebrate
0626,è¡¥ è£œç¿’ bu3xi2 makeuplesson
0528,å® å¯¦éš› shi2ji4 actual
1549,æ­ æ­é… da1pei4 arrangeinpairs
1786,è‚¿ è…« zhong3 swell
1446,è¿ é•å wei2fan3 violate
1423,æ‹¾ æ‹¾èµ· shi2qi3 pick
1406,ç»• ç¹é rao4guo4 avoid
1334,å±Š å±†æ™‚ jie4shi2 atthetime
1289,æ›² æ›²æŠ˜ qu1zhe2 complications
0787,è½ é™è½ jiang4luo4 landing
1455,è‰³ è‰·éº— yan4li4 gorgeous *
0733,æ æ¥µå…¶ ji2qi2 extremely *
0667,é‚® éƒµä»¶ you2jian4 mail
1740,å¨ å¨è„…åˆ©èª˜ wei1xie2li4you4 threatenbribe
1639,å¥ ç¯€å¥ jie2zou4 rhythmtempo
0568,é€‰ é¸æ“‡ xuan3ze2 choose
0075,å½± å½±éŸ¿ ying3xiang3 influence
1566,å¤º å¥ªå†  duo2guan4 takefirstplace
1342,å’³ å’³å—½ ke2sou4 cough
1277,å¼ƒ æ‹‹æ£„ pao1qi4 abandon
1556,æ»´ æ»´æ°´ di1shui3 drip
1456,é—² é–’ç½® xian2zhi4 idle
0399,å° å°é– feng1suo2 seal
1019,å¥‹ å¥®é¬¥ fen4dou4 struggle
1370,ç§’ ç§’é˜ miao3zhong1 second